195.184.246.1/32,FAST-FIBER,Central Luzon,MARILAO BULACAN,3019,PHILIPPINES,www.fast-fiber.com.ph
195.184.246.2/32,JSAN-FIBER,National Capital Region,"TATALON ,QUEZON CITY 1113 , PHILIPPINES",1113,PHILIPPINES,www.fast-fiber.com.ph
195.184.246.3/32,ICONNECT-NETWORKS,Bicol Region,"NABUA, CAM SUR 4434 , PHILIPPINES",4434,PHILIPPINES,www.fast-fiber.com.ph
195.184.246.4/32,CICS,CALABARZON,"TIAONG QUEZON 4235 , PHILIPPINES",4235,PHILIPPINES,www.fast-fiber.com.ph
195.184.246.5/32,BELLTEK,National Capital Region,"TATALON ,QUEZON CITY 1113 , PHILIPPINES",1113,PHILIPPINES,www.fast-fiber.com.ph
195.184.246.6/32,HYPERBYTES,CALABARZON,"BACOOR CAVITE 4102 , PHILIPPINES",4102,PHILIPPINES,www.fast-fiber.com.ph
195.184.246.7/32,Robcom,Central Luzon,"San Fernando, Pampanga 2000 , PHILIPPINES",2000,PHILIPPINES,www.fast-fiber.com.ph
195.184.246.8/32,COOLGEEKS,Central Visayas,"CEBU PHILIPPINES 6045 , PHILIPPINES",6045,PHILIPPINES,www.fast-fiber.com.ph
195.184.246.9/32,GSTECH,CALABARZON,"BINAN LAGUNA 4024 , PHILIPPINES",4024,PHILIPPINES,www.fast-fiber.com.ph
195.184.246.10/32,R.NET,CALABARZON,"BINAN LAGUNA 4024 , PHILIPPINES",4024,PHILIPPINES,www.fast-fiber.com.ph
195.184.246.11/32,IDEAL TECH,National Capital Region,"Novaliches , Quezon city 1123 , PHILIPPINES",1123,PHILIPPINES,www.fast-fiber.com.ph
195.184.246.12/32,BNC-FIBER,CALABARZON,"Tiaong, Quezon 4325 , PHILIPPINES",4325,PHILIPPINES,www.fast-fiber.com.ph
195.184.246.13/32,TOPTIER,National Capital Region,"Valenzuela City 1142 , PHILIPPINES",1142,PHILIPPINES,www.fast-fiber.com.ph
195.184.246.14/32,G&T Wired Internet Services,National Capital Region,"Quezon City 1121 , PHILIPPINES",1121,PHILIPPINES,www.fast-fiber.com.ph
195.184.246.15/32,LACFIBER,Zamboanga Peninsula,"AURORA ZAMBOANGA DEL SUR 7020 , PHILIPPINES",7020,PHILIPPINES,www.fast-fiber.com.ph
195.184.246.16/32,RM-FIBER,National Capital Region,"TONDO MANILA 1012 , PHILIPPINES",1012,PHILIPPINES,www.fast-fiber.com.ph
195.184.246.17/32,ENICS NETWORK,CALABARZON,"BATANGAS CITY 4228 , PHILIPPINES",4228,PHILIPPINES,www.fast-fiber.com.ph
195.184.246.18/32,R&J NETWORK AND DATA SOLUTION,SOCCSKSARGEN,"North Cotabato 9407 , PHILIPPINES",9407,PHILIPPINES,www.fast-fiber.com.ph
195.184.246.19/32,Mcnet,Eastern Visayas,"SAMAR 6709 , PHILIPPINES",6709,PHILIPPINES,www.fast-fiber.com.ph
195.184.246.20/32,R&J NETWORK AND DATA SOLUTION,SOCCSKSARGEN,"North Cotabato 9402 , PHILIPPINES",9402,PHILIPPINES,www.fast-fiber.com.ph
195.184.246.21/32,R&J NETWORK AND DATA SOLUTION,SOCCSKSARGEN,"North Cotabato 9403 , PHILIPPINES",9403,PHILIPPINES,www.fast-fiber.com.ph
195.184.246.22/32,AMA-INTERNET-SERVICES,Bicol Region,"Aroroy, Masbate 5414 , PHILIPPINES",5414,PHILIPPINES,www.fast-fiber.com.ph
195.184.246.23/32,JoBacs IIS,Caraga,"Agusan del Sur 8511 , PHILIPPINES",8511,PHILIPPINES,www.fast-fiber.com.ph
195.184.246.24/32,IICS,CALABARZON,"NAIC CAVITE 4110 , PHILIPPINES",4110,PHILIPPINES,www.fast-fiber.com.ph
195.184.246.25/32,G-Net,Central Luzon,"Hagonoy Bulacan 3002 , PHILIPPINES",3002,PHILIPPINES,www.fast-fiber.com.ph
195.184.246.26/32,RAE NETWORK,Zamboanga Peninsula,"PAGADIAN CITY 7016 , PHILIPPINES",7016,PHILIPPINES,www.fast-fiber.com.ph
195.184.246.27/32,Marc Jayden Network,SOCCSKSARGEN,"North Cotabato 9410 , PHILIPPINES",9410,PHILIPPINES,www.fast-fiber.com.ph
195.184.246.28/32,TALKBYTES,Central Luzon,"MARILAO BULACAN 3019 , PHILIPPINES",3019,PHILIPPINES,www.fast-fiber.com.ph
195.184.246.29/32,KEYCONNECT,Central Luzon,"Meycauyan, Bulacan , PHILIPPINES",3020,PHILIPPINES,www.fast-fiber.com.ph
195.184.246.30/32,DRACARYS-WIS,Caraga,"Agusan del Norte , PHILIPPINES",8602,PHILIPPINES,www.fast-fiber.com.ph
195.184.246.31/32,EKISHA-TELECOM-INC,Cagayan Valley,"TUGUEGARAO CITY , PHILIPPINES",3500,PHILIPPINES,www.fast-fiber.com.ph
195.184.246.32/32,CO-OP-NDS-CALAMBA,CALABARZON,"CALAMBA, LAGUNA 4027 , PHILIPPINES",4027,PHILIPPINES,www.fast-fiber.com.ph
195.184.246.33/32,EH-INTERNET,Central Visayas,"Consolacion, Cebu 6001 , Philippines",6001,PHILIPPINES,www.fast-fiber.com.ph
195.184.246.34/32,EH-INTERNET,Central Visayas,"Liloan, Cebu 6002 , Philippines",6002,PHILIPPINES,www.fast-fiber.com.ph
195.184.246.35/32,KWINSLINK-NETWORK,Bicol Region,"DARAGA ALBAY 4501 , Philippines",4501,PHILIPPINES,www.fast-fiber.com.ph
195.184.246.36/32,GEEKX5G,Caraga,"AGUSAN DEL SUR 8504 , Philippines",8504,PHILIPPINES,www.fast-fiber.com.ph
195.184.246.37/32,G_techlink network and data solution,SOCCSKSARGEN,"sarangani province 9514 , Philippines",9514,PHILIPPINES,www.fast-fiber.com.ph
195.184.246.38/32,Batoon Communication Services,Cagayan Valley,"Echague Isabela 3309 , Philippines",3309,PHILIPPINES,www.fast-fiber.com.ph
195.184.246.39/32,MITZTIANPC Internet SERVICES,Central Luzon,"Jaen Nueva ecija 3109 , Philippines",3109,PHILIPPINES,www.fast-fiber.com.ph
195.184.246.40/32,ZNET,Bicol Region,"NAGA CITY CAMARINES SUR 4400 , Philippines",4400,PHILIPPINES,www.fast-fiber.com.ph
195.184.246.41/32,EDS Network,CALABARZON,"San Pedro, Laguna 4023 PHILIPPINES",4023,PHILIPPINES,www.fast-fiber.com.ph
195.184.246.42/32,EZ-TECH-TELECOM,CALABARZON,"TAYTAY, RIZAL 1920 PHILIPPINES",1920,PHILIPPINES,www.fast-fiber.com.ph
195.184.246.43/32,ONE-KONEK NETWORK,Central Luzon,"Hagonoy, Bulacan 3002 , PHILIPPINES",3002,PHILIPPINES,www.fast-fiber.com.ph
195.184.246.44/32,COOLGEEKS,Central Visayas,"CEBU PHILIPPINES 6045 , PHILIPPINES",6045,PHILIPPINES,www.fast-fiber.com.ph
195.184.246.45/32,NETLIFE,Central Luzon,"BOCAUE, BULACAN 3018 , PHILIPPINES",3018,PHILIPPINES,www.fast-fiber.com.ph
195.184.246.46/32,R&J NETWORK AND DATA SOLUTION,SOCCSKSARGEN,"North Cotabato 9402 , PHILIPPINES",9402,PHILIPPINES,www.fast-fiber.com.ph
195.184.246.47/32,Robcom,Central Luzon,"San Fernando, Pampanga 2000 , PHILIPPINES",2000,PHILIPPINES,www.fast-fiber.com.ph
